{"minzoom":0,"maxzoom":8,"center":[-87.890625,14.603795,8.0],"bounds":[-89.356651,12.982637,-83.149658,16.516794]}