{"minzoom":0,"maxzoom":8,"center":[-87.890625,14.603795,8.0],"bounds":[-89.356651,10.669088,-82.730804,16.516794]}