{"minzoom":0,"maxzoom":9,"center":[-87.539062,13.581675,9.0],"bounds":[-89.356651,12.982637,-83.149658,16.516794]}